"UniqueID","Popular.fctr","Popular.fctr.predict.Conditional.X.no.rnorm.rf.prob","Popular.fctr.predict.Conditional.X.no.rnorm.rf","Popular.fctr.predict.Conditional.X.no.rnorm.rf.accurate"
3,"N",0.346,"N",TRUE
4,"Y",0.418,"Y",TRUE
6,"Y",0.296,"N",FALSE
7,"N",0.204,"N",TRUE
8,"Y",0.986,"Y",TRUE
10,"N",0.008,"N",TRUE
15,"N",0.836,"Y",FALSE
16,"Y",0.594,"Y",TRUE
17,"N",0.96,"Y",FALSE
19,"N",0.15,"N",TRUE
20,"N",0.854,"Y",FALSE
23,"N",0,"N",TRUE
24,"N",0.058,"N",TRUE
27,"N",0,"N",TRUE
34,"N",0.37,"N",TRUE
36,"Y",0.73,"Y",TRUE
42,"N",0.018,"N",TRUE
46,"N",0.024,"N",TRUE
50,"Y",0.968,"Y",TRUE
53,"N",0,"N",TRUE
54,"N",0,"N",TRUE
57,"Y",0.37,"N",FALSE
58,"N",0,"N",TRUE
59,"N",0.824,"Y",FALSE
66,"N",0.022,"N",TRUE
69,"N",0.102,"N",TRUE
77,"N",0.044,"N",TRUE
79,"N",0.77,"Y",FALSE
80,"N",0.37,"N",TRUE
84,"N",0.004,"N",TRUE
85,"Y",0.958,"Y",TRUE
87,"Y",0.756,"Y",TRUE
92,"Y",0.002,"N",FALSE
97,"N",0,"N",TRUE
98,"Y",0.824,"Y",TRUE
101,"N",0.072,"N",TRUE
106,"N",0.006,"N",TRUE
109,"N",0.002,"N",TRUE
116,"Y",0.32,"N",FALSE
121,"N",0.002,"N",TRUE
122,"N",0.072,"N",TRUE
123,"Y",0.658,"Y",TRUE
126,"N",0.002,"N",TRUE
127,"N",0.1,"N",TRUE
130,"Y",0.168,"N",FALSE
131,"Y",0.514,"Y",TRUE
134,"N",0.006,"N",TRUE
137,"N",0.04,"N",TRUE
139,"Y",0.28,"N",FALSE
140,"N",0.16,"N",TRUE
142,"N",0.02,"N",TRUE
143,"N",0,"N",TRUE
146,"N",0.02,"N",TRUE
148,"N",0.258,"N",TRUE
151,"N",0.126,"N",TRUE
154,"N",0.41,"Y",FALSE
156,"Y",0.796,"Y",TRUE
161,"N",0.002,"N",TRUE
164,"N",0.01,"N",TRUE
166,"N",0.002,"N",TRUE
170,"N",0,"N",TRUE
171,"N",0,"N",TRUE
179,"N",0.038,"N",TRUE
188,"N",0.032,"N",TRUE
189,"N",0.014,"N",TRUE
195,"N",0.022,"N",TRUE
201,"N",0.13,"N",TRUE
204,"N",0.348,"N",TRUE
209,"N",0.276,"N",TRUE
212,"N",0.054,"N",TRUE
218,"N",0.092,"N",TRUE
221,"N",0.47,"Y",FALSE
223,"N",0.02,"N",TRUE
225,"N",0.008,"N",TRUE
228,"N",0,"N",TRUE
230,"N",0.018,"N",TRUE
238,"Y",0.788,"Y",TRUE
239,"N",0.06,"N",TRUE
242,"N",0,"N",TRUE
246,"N",0.01,"N",TRUE
250,"N",0.012,"N",TRUE
252,"Y",0.994,"Y",TRUE
255,"N",0.01,"N",TRUE
258,"N",0.014,"N",TRUE
259,"N",0.006,"N",TRUE
260,"N",0.01,"N",TRUE
265,"N",0,"N",TRUE
266,"N",0,"N",TRUE
270,"N",0,"N",TRUE
274,"N",0.002,"N",TRUE
278,"N",0,"N",TRUE
280,"N",0.308,"N",TRUE
284,"N",0.192,"N",TRUE
286,"N",0.022,"N",TRUE
288,"N",0.024,"N",TRUE
300,"Y",0.574,"Y",TRUE
302,"N",0.294,"N",TRUE
303,"N",0.21,"N",TRUE
304,"Y",0.964,"Y",TRUE
305,"N",0.242,"N",TRUE
312,"N",0.002,"N",TRUE
328,"N",0.01,"N",TRUE
334,"N",0.21,"N",TRUE
335,"Y",0.84,"Y",TRUE
338,"Y",0.73,"Y",TRUE
340,"Y",0.51,"Y",TRUE
345,"Y",0.828,"Y",TRUE
351,"N",0,"N",TRUE
352,"N",0,"N",TRUE
354,"N",0.096,"N",TRUE
359,"N",0.234,"N",TRUE
361,"Y",0.912,"Y",TRUE
363,"N",0.102,"N",TRUE
367,"N",0.002,"N",TRUE
368,"Y",0.838,"Y",TRUE
373,"N",0.006,"N",TRUE
378,"N",0.092,"N",TRUE
388,"N",0,"N",TRUE
390,"N",0.036,"N",TRUE
394,"N",0.104,"N",TRUE
395,"N",0.68,"Y",FALSE
396,"N",0.002,"N",TRUE
400,"N",0,"N",TRUE
405,"N",0.044,"N",TRUE
407,"N",0,"N",TRUE
411,"N",0,"N",TRUE
415,"N",0.026,"N",TRUE
416,"N",0.268,"N",TRUE
419,"N",0.738,"Y",FALSE
422,"N",0.356,"N",TRUE
423,"N",0.274,"N",TRUE
427,"Y",0.276,"N",FALSE
429,"N",0,"N",TRUE
437,"N",0,"N",TRUE
439,"N",0.014,"N",TRUE
444,"Y",0.304,"N",FALSE
446,"Y",0.186,"N",FALSE
447,"N",0.002,"N",TRUE
448,"N",0.048,"N",TRUE
450,"Y",0.286,"N",FALSE
454,"N",0.036,"N",TRUE
456,"N",0.314,"N",TRUE
457,"N",0.218,"N",TRUE
459,"N",0.076,"N",TRUE
460,"N",0.006,"N",TRUE
461,"N",0.068,"N",TRUE
466,"N",0.104,"N",TRUE
467,"N",0.008,"N",TRUE
471,"N",0.158,"N",TRUE
474,"N",0.158,"N",TRUE
477,"N",0,"N",TRUE
479,"N",0.002,"N",TRUE
480,"N",0.006,"N",TRUE
481,"N",0.196,"N",TRUE
482,"N",0.05,"N",TRUE
484,"N",0.17,"N",TRUE
485,"N",0.002,"N",TRUE
486,"N",0.002,"N",TRUE
488,"N",0.17,"N",TRUE
493,"Y",0.134,"N",FALSE
494,"N",0.002,"N",TRUE
497,"N",0,"N",TRUE
498,"N",0,"N",TRUE
501,"N",0.014,"N",TRUE
502,"N",0.012,"N",TRUE
507,"N",0,"N",TRUE
508,"N",0.382,"N",TRUE
513,"N",0.006,"N",TRUE
522,"Y",0.936,"Y",TRUE
523,"N",0.332,"N",TRUE
524,"N",0.002,"N",TRUE
533,"N",0.136,"N",TRUE
535,"N",0,"N",TRUE
537,"N",0.098,"N",TRUE
543,"N",0.03,"N",TRUE
544,"N",0.022,"N",TRUE
545,"N",0.28,"N",TRUE
551,"N",0,"N",TRUE
554,"Y",0.992,"Y",TRUE
555,"N",0.004,"N",TRUE
559,"Y",0.462,"Y",TRUE
566,"N",0.178,"N",TRUE
567,"N",0.16,"N",TRUE
573,"N",0,"N",TRUE
576,"N",0.308,"N",TRUE
577,"N",0.002,"N",TRUE
580,"N",0.048,"N",TRUE
582,"Y",0.87,"Y",TRUE
586,"N",0.356,"N",TRUE
588,"N",0.016,"N",TRUE
592,"N",0.044,"N",TRUE
595,"N",0,"N",TRUE
601,"Y",0.042,"N",FALSE
606,"N",0.064,"N",TRUE
612,"Y",0.954,"Y",TRUE
613,"N",0.452,"Y",FALSE
615,"N",0,"N",TRUE
622,"Y",0.854,"Y",TRUE
624,"N",0,"N",TRUE
631,"N",0.016,"N",TRUE
632,"N",0.048,"N",TRUE
634,"N",0.134,"N",TRUE
639,"N",0.014,"N",TRUE
642,"N",0.024,"N",TRUE
643,"N",0,"N",TRUE
653,"N",0.048,"N",TRUE
657,"N",0.002,"N",TRUE
661,"N",0,"N",TRUE
662,"N",0,"N",TRUE
666,"N",0,"N",TRUE
667,"N",0.168,"N",TRUE
671,"N",0.056,"N",TRUE
673,"N",0,"N",TRUE
674,"N",0,"N",TRUE
675,"N",0.028,"N",TRUE
677,"N",0.054,"N",TRUE
678,"N",0,"N",TRUE
679,"N",0.946,"Y",FALSE
683,"N",0.094,"N",TRUE
690,"N",0.148,"N",TRUE
692,"N",0,"N",TRUE
693,"Y",0.004,"N",FALSE
694,"N",0.002,"N",TRUE
698,"N",0.114,"N",TRUE
700,"N",0.096,"N",TRUE
708,"N",0.288,"N",TRUE
714,"Y",0.146,"N",FALSE
718,"Y",0.694,"Y",TRUE
722,"N",0.05,"N",TRUE
729,"N",0,"N",TRUE
730,"N",0.364,"N",TRUE
734,"N",0,"N",TRUE
735,"N",0.184,"N",TRUE
736,"N",0.22,"N",TRUE
737,"N",0.034,"N",TRUE
741,"N",0.154,"N",TRUE
742,"Y",0.472,"Y",TRUE
745,"N",0.126,"N",TRUE
746,"N",0.03,"N",TRUE
747,"N",0.384,"N",TRUE
750,"N",0.36,"N",TRUE
756,"Y",0.37,"N",FALSE
758,"Y",0.252,"N",FALSE
759,"N",0,"N",TRUE
761,"N",0.026,"N",TRUE
763,"Y",0.708,"Y",TRUE
765,"N",0,"N",TRUE
767,"N",0.228,"N",TRUE
773,"N",0,"N",TRUE
780,"N",0,"N",TRUE
783,"N",0.024,"N",TRUE
784,"N",0.14,"N",TRUE
788,"N",0,"N",TRUE
789,"N",0.154,"N",TRUE
790,"N",0,"N",TRUE
793,"N",0,"N",TRUE
798,"N",0,"N",TRUE
799,"N",0.028,"N",TRUE
800,"N",0,"N",TRUE
802,"Y",0.772,"Y",TRUE
804,"N",0,"N",TRUE
805,"N",0.126,"N",TRUE
806,"N",0.068,"N",TRUE
808,"N",0,"N",TRUE
811,"N",0.662,"Y",FALSE
816,"N",0,"N",TRUE
817,"N",0.012,"N",TRUE
822,"N",0.008,"N",TRUE
823,"N",0,"N",TRUE
825,"Y",0.242,"N",FALSE
826,"N",0.122,"N",TRUE
827,"N",0.002,"N",TRUE
828,"Y",0.03,"N",FALSE
842,"N",0.066,"N",TRUE
847,"N",0.008,"N",TRUE
850,"N",0.002,"N",TRUE
854,"N",0.002,"N",TRUE
859,"N",0.066,"N",TRUE
864,"N",0.004,"N",TRUE
870,"N",0.01,"N",TRUE
872,"N",0,"N",TRUE
876,"N",0.002,"N",TRUE
879,"N",0,"N",TRUE
891,"N",0.132,"N",TRUE
895,"N",0.038,"N",TRUE
897,"N",0.156,"N",TRUE
899,"N",0.044,"N",TRUE
900,"N",0.104,"N",TRUE
901,"N",0.052,"N",TRUE
902,"N",0.088,"N",TRUE
904,"N",0.004,"N",TRUE
910,"N",0.048,"N",TRUE
911,"N",0.01,"N",TRUE
915,"N",0,"N",TRUE
920,"N",0.006,"N",TRUE
922,"N",0.002,"N",TRUE
923,"N",0,"N",TRUE
930,"Y",0.894,"Y",TRUE
931,"N",0,"N",TRUE
934,"N",0.066,"N",TRUE
936,"N",0.284,"N",TRUE
938,"N",0.362,"N",TRUE
943,"N",0.22,"N",TRUE
948,"N",0.06,"N",TRUE
953,"N",0.006,"N",TRUE
956,"N",0.004,"N",TRUE
958,"N",0.024,"N",TRUE
965,"N",0.002,"N",TRUE
966,"Y",0.936,"Y",TRUE
969,"Y",0.4,"Y",TRUE
974,"N",0.22,"N",TRUE
976,"N",0.046,"N",TRUE
978,"N",0.186,"N",TRUE
982,"N",0.11,"N",TRUE
986,"Y",0.974,"Y",TRUE
991,"N",0,"N",TRUE
995,"N",0.006,"N",TRUE
1005,"N",0.002,"N",TRUE
1006,"Y",0.89,"Y",TRUE
1007,"N",0.12,"N",TRUE
1009,"N",0.652,"Y",FALSE
1011,"N",0.004,"N",TRUE
1019,"Y",0.02,"N",FALSE
1020,"N",0.89,"Y",FALSE
1032,"N",0.01,"N",TRUE
1034,"N",0,"N",TRUE
1041,"N",0.04,"N",TRUE
1044,"N",0,"N",TRUE
1047,"N",0.078,"N",TRUE
1053,"Y",0.606,"Y",TRUE
1054,"N",0.012,"N",TRUE
1057,"N",0.044,"N",TRUE
1065,"N",0.028,"N",TRUE
1067,"Y",0.728,"Y",TRUE
1070,"N",0.288,"N",TRUE
1073,"N",0.338,"N",TRUE
1077,"N",0.002,"N",TRUE
1079,"N",0,"N",TRUE
1092,"Y",0.084,"N",FALSE
1093,"N",0,"N",TRUE
1096,"Y",0.364,"N",FALSE
1098,"N",0.034,"N",TRUE
1100,"N",0.088,"N",TRUE
1114,"N",0,"N",TRUE
1119,"N",0,"N",TRUE
1121,"N",0.482,"Y",FALSE
1125,"N",0,"N",TRUE
1127,"N",0.45,"Y",FALSE
1135,"N",0.276,"N",TRUE
1141,"N",0.012,"N",TRUE
1143,"N",0,"N",TRUE
1144,"N",0,"N",TRUE
1145,"N",0.134,"N",TRUE
1151,"N",0.626,"Y",FALSE
1152,"N",0.37,"N",TRUE
1153,"N",0.294,"N",TRUE
1154,"N",0.262,"N",TRUE
1156,"Y",0.002,"N",FALSE
1163,"N",0.002,"N",TRUE
1165,"N",0,"N",TRUE
1169,"N",0.002,"N",TRUE
1170,"N",0,"N",TRUE
1174,"N",0.006,"N",TRUE
1176,"N",0,"N",TRUE
1181,"N",0.162,"N",TRUE
1182,"N",0.004,"N",TRUE
1184,"N",0.01,"N",TRUE
1187,"Y",0.79,"Y",TRUE
1189,"N",0,"N",TRUE
1192,"N",0,"N",TRUE
1197,"N",0,"N",TRUE
1198,"N",0.084,"N",TRUE
1205,"N",0,"N",TRUE
1213,"N",0,"N",TRUE
1214,"N",0,"N",TRUE
1221,"N",0.004,"N",TRUE
1223,"N",0,"N",TRUE
1226,"N",0,"N",TRUE
1227,"N",0.02,"N",TRUE
1228,"N",0.002,"N",TRUE
1237,"N",0.332,"N",TRUE
1238,"Y",0.89,"Y",TRUE
1241,"N",0.5,"Y",FALSE
1242,"N",0.002,"N",TRUE
1243,"N",0.002,"N",TRUE
1246,"Y",0.092,"N",FALSE
1248,"N",0.046,"N",TRUE
1250,"N",0.002,"N",TRUE
1253,"N",0,"N",TRUE
1262,"N",0.01,"N",TRUE
1264,"N",0.006,"N",TRUE
1266,"N",0.112,"N",TRUE
1269,"Y",0.39,"N",FALSE
1270,"Y",0.788,"Y",TRUE
1278,"N",0.034,"N",TRUE
1280,"N",0,"N",TRUE
1281,"N",0.002,"N",TRUE
1286,"Y",0.98,"Y",TRUE
1287,"Y",0.71,"Y",TRUE
1288,"N",0,"N",TRUE
1291,"N",0.03,"N",TRUE
1294,"N",0,"N",TRUE
1296,"N",0,"N",TRUE
1298,"Y",0.796,"Y",TRUE
1300,"N",0.008,"N",TRUE
1301,"N",0.04,"N",TRUE
1308,"N",0.184,"N",TRUE
1311,"N",0.084,"N",TRUE
1314,"N",0.034,"N",TRUE
1316,"N",0.016,"N",TRUE
1320,"N",0.042,"N",TRUE
1322,"N",0.406,"Y",FALSE
1323,"N",0.002,"N",TRUE
1325,"N",0.7,"Y",FALSE
1328,"Y",0.926,"Y",TRUE
1330,"N",0.39,"N",TRUE
1331,"N",0.194,"N",TRUE
1332,"N",0.004,"N",TRUE
1333,"N",0.048,"N",TRUE
1337,"N",0,"N",TRUE
1338,"N",0,"N",TRUE
1339,"N",0.002,"N",TRUE
1344,"N",0.156,"N",TRUE
1347,"Y",0.798,"Y",TRUE
1362,"N",0.002,"N",TRUE
1365,"N",0,"N",TRUE
1369,"N",0.516,"Y",FALSE
1372,"N",0.244,"N",TRUE
1373,"N",0.1,"N",TRUE
1378,"N",0,"N",TRUE
1381,"N",0.106,"N",TRUE
1385,"N",0.024,"N",TRUE
1386,"N",0,"N",TRUE
1387,"N",0.018,"N",TRUE
1389,"N",0,"N",TRUE
1393,"N",0,"N",TRUE
1394,"N",0,"N",TRUE
1396,"N",0.08,"N",TRUE
1402,"N",0,"N",TRUE
1405,"N",0.072,"N",TRUE
1406,"N",0.294,"N",TRUE
1412,"N",0.016,"N",TRUE
1416,"Y",0.414,"Y",TRUE
1419,"Y",0.864,"Y",TRUE
1423,"N",0.002,"N",TRUE
1424,"N",0,"N",TRUE
1425,"N",0,"N",TRUE
1430,"N",0,"N",TRUE
1443,"N",0.064,"N",TRUE
1446,"N",0.004,"N",TRUE
1450,"Y",0.91,"Y",TRUE
1451,"N",0,"N",TRUE
1454,"N",0.18,"N",TRUE
1456,"N",0.034,"N",TRUE
1459,"N",0.006,"N",TRUE
1463,"N",0.02,"N",TRUE
1470,"N",0.03,"N",TRUE
1475,"Y",0.974,"Y",TRUE
1476,"N",0,"N",TRUE
1479,"N",0.012,"N",TRUE
1482,"Y",0.65,"Y",TRUE
1483,"Y",0.972,"Y",TRUE
1494,"N",0,"N",TRUE
1495,"N",0.004,"N",TRUE
1498,"N",0.08,"N",TRUE
1499,"N",0.018,"N",TRUE
1500,"N",0.184,"N",TRUE
1503,"N",0.044,"N",TRUE
1504,"N",0.006,"N",TRUE
1511,"N",0,"N",TRUE
1512,"N",0.014,"N",TRUE
1514,"N",0,"N",TRUE
1522,"N",0.062,"N",TRUE
1524,"N",0.002,"N",TRUE
1531,"N",0.002,"N",TRUE
1533,"N",0,"N",TRUE
1536,"Y",0.492,"Y",TRUE
1540,"N",0.03,"N",TRUE
1544,"N",0,"N",TRUE
1547,"N",0.01,"N",TRUE
1549,"N",0.002,"N",TRUE
1553,"N",0.198,"N",TRUE
1555,"N",0.004,"N",TRUE
1560,"Y",0.648,"Y",TRUE
1562,"N",0.112,"N",TRUE
1563,"N",0.004,"N",TRUE
1564,"Y",0.796,"Y",TRUE
1568,"N",0.196,"N",TRUE
1569,"N",0.004,"N",TRUE
1572,"Y",0.886,"Y",TRUE
1574,"N",0.008,"N",TRUE
1575,"N",0.002,"N",TRUE
1577,"Y",0.948,"Y",TRUE
1580,"N",0,"N",TRUE
1582,"N",0.014,"N",TRUE
1586,"N",0.176,"N",TRUE
1594,"N",0.002,"N",TRUE
1601,"N",0.16,"N",TRUE
1603,"N",0.004,"N",TRUE
1604,"N",0.002,"N",TRUE
1607,"N",0.472,"Y",FALSE
1617,"N",0.002,"N",TRUE
1623,"N",0.012,"N",TRUE
1628,"N",0.006,"N",TRUE
1631,"N",0.002,"N",TRUE
1632,"N",0,"N",TRUE
1633,"N",0.02,"N",TRUE
1640,"N",0.012,"N",TRUE
1654,"N",0.002,"N",TRUE
1655,"Y",0.844,"Y",TRUE
1657,"N",0.01,"N",TRUE
1661,"N",0.002,"N",TRUE
1663,"N",0.038,"N",TRUE
1668,"N",0,"N",TRUE
1669,"N",0,"N",TRUE
1673,"N",0.01,"N",TRUE
1674,"N",0.002,"N",TRUE
1675,"N",0.01,"N",TRUE
1676,"N",0.14,"N",TRUE
1680,"N",0.012,"N",TRUE
1682,"N",0.004,"N",TRUE
1687,"N",0.322,"N",TRUE
1688,"N",0.118,"N",TRUE
1694,"N",0.014,"N",TRUE
1701,"N",0.034,"N",TRUE
1704,"N",0.002,"N",TRUE
1706,"Y",0.574,"Y",TRUE
1708,"N",0,"N",TRUE
1712,"N",0,"N",TRUE
1713,"N",0,"N",TRUE
1717,"N",0.002,"N",TRUE
1720,"N",0,"N",TRUE
1721,"N",0.09,"N",TRUE
1722,"N",0.006,"N",TRUE
1723,"N",0.044,"N",TRUE
1725,"N",0,"N",TRUE
1726,"N",0.154,"N",TRUE
1728,"N",0.062,"N",TRUE
1730,"N",0,"N",TRUE
1731,"Y",0.956,"Y",TRUE
1733,"Y",0.516,"Y",TRUE
1739,"N",0,"N",TRUE
1746,"N",0.03,"N",TRUE
1750,"N",0,"N",TRUE
1754,"N",0.014,"N",TRUE
1765,"N",0.058,"N",TRUE
1766,"N",0,"N",TRUE
1769,"N",0,"N",TRUE
1773,"N",0,"N",TRUE
1774,"N",0.074,"N",TRUE
1778,"Y",0.188,"N",FALSE
1780,"N",0.022,"N",TRUE
1786,"N",0,"N",TRUE
1788,"N",0.012,"N",TRUE
1789,"N",0.07,"N",TRUE
1794,"N",0.014,"N",TRUE
1801,"N",0,"N",TRUE
1806,"N",0.068,"N",TRUE
1811,"N",0,"N",TRUE
1812,"N",0.014,"N",TRUE
1818,"N",0.298,"N",TRUE
1819,"N",0.134,"N",TRUE
1826,"N",0,"N",TRUE
1833,"N",0.002,"N",TRUE
1838,"N",0.144,"N",TRUE
1841,"N",0.17,"N",TRUE
1842,"N",0.016,"N",TRUE
1844,"N",0.11,"N",TRUE
1848,"N",0.024,"N",TRUE
1849,"N",0.004,"N",TRUE
1850,"N",0,"N",TRUE
1858,"N",0.114,"N",TRUE
1859,"Y",0.828,"Y",TRUE
1860,"Y",0.86,"Y",TRUE
1864,"Y",0.826,"Y",TRUE
1866,"N",0,"N",TRUE
1869,"N",0.018,"N",TRUE
1871,"Y",0.446,"Y",TRUE
1877,"N",0.026,"N",TRUE
1883,"N",0.002,"N",TRUE
1887,"Y",0.818,"Y",TRUE
1890,"Y",0.476,"Y",TRUE
1892,"N",0.006,"N",TRUE
1893,"N",0,"N",TRUE
1895,"Y",0.226,"N",FALSE
1896,"N",0,"N",TRUE
1898,"N",0.002,"N",TRUE
1900,"N",0,"N",TRUE
1903,"Y",0.982,"Y",TRUE
1907,"N",0,"N",TRUE
1909,"N",0,"N",TRUE
1911,"N",0,"N",TRUE
1913,"N",0,"N",TRUE
1918,"N",0,"N",TRUE
1920,"N",0,"N",TRUE
1921,"N",0.022,"N",TRUE
1922,"N",0.208,"N",TRUE
1925,"N",0.016,"N",TRUE
1935,"N",0.262,"N",TRUE
1940,"N",0,"N",TRUE
1943,"N",0.006,"N",TRUE
1944,"N",0,"N",TRUE
1945,"N",0.022,"N",TRUE
1946,"N",0.058,"N",TRUE
1951,"N",0.612,"Y",FALSE
1952,"N",0.194,"N",TRUE
1954,"N",0.032,"N",TRUE
1957,"N",0.162,"N",TRUE
1958,"N",0.036,"N",TRUE
1959,"N",0,"N",TRUE
1964,"N",0,"N",TRUE
1965,"Y",0.962,"Y",TRUE
1966,"N",0.004,"N",TRUE
1972,"N",0.162,"N",TRUE
1980,"N",0,"N",TRUE
1981,"N",0,"N",TRUE
1989,"N",0.004,"N",TRUE
1991,"N",0,"N",TRUE
1996,"Y",0.848,"Y",TRUE
1997,"Y",0.516,"Y",TRUE
2000,"N",0.018,"N",TRUE
2001,"N",0.004,"N",TRUE
2008,"N",0,"N",TRUE
2010,"N",0.278,"N",TRUE
2011,"N",0.008,"N",TRUE
2013,"N",0.086,"N",TRUE
2015,"N",0.022,"N",TRUE
2016,"N",0.006,"N",TRUE
2021,"N",0,"N",TRUE
2026,"Y",0.02,"N",FALSE
2027,"Y",0.67,"Y",TRUE
2028,"N",0.296,"N",TRUE
2033,"N",0,"N",TRUE
2036,"N",0.004,"N",TRUE
2038,"N",0.212,"N",TRUE
2039,"N",0.118,"N",TRUE
2041,"N",0.082,"N",TRUE
2042,"N",0.014,"N",TRUE
2043,"N",0.058,"N",TRUE
2047,"N",0.002,"N",TRUE
2049,"N",0.004,"N",TRUE
2053,"N",0.002,"N",TRUE
2054,"N",0.4,"Y",FALSE
2057,"N",0.332,"N",TRUE
2060,"Y",0.402,"Y",TRUE
2064,"N",0.086,"N",TRUE
2066,"N",0.546,"Y",FALSE
2069,"N",0.032,"N",TRUE
2071,"N",0.55,"Y",FALSE
2072,"N",0.016,"N",TRUE
2075,"N",0.022,"N",TRUE
2076,"N",0.012,"N",TRUE
2078,"N",0.028,"N",TRUE
2080,"N",0.056,"N",TRUE
2083,"Y",0.982,"Y",TRUE
2085,"N",0.004,"N",TRUE
2090,"N",0,"N",TRUE
2093,"N",0.004,"N",TRUE
2096,"N",0,"N",TRUE
2097,"N",0.152,"N",TRUE
2101,"N",0.122,"N",TRUE
2102,"Y",0.864,"Y",TRUE
2104,"N",0.024,"N",TRUE
2106,"N",0.03,"N",TRUE
2111,"Y",0.936,"Y",TRUE
2113,"Y",0.846,"Y",TRUE
2117,"N",0,"N",TRUE
2118,"N",0,"N",TRUE
2122,"N",0.47,"Y",FALSE
2125,"Y",0.714,"Y",TRUE
2126,"N",0.24,"N",TRUE
2127,"N",0,"N",TRUE
2130,"N",0,"N",TRUE
2131,"N",0.018,"N",TRUE
2135,"N",0.002,"N",TRUE
2137,"N",0.406,"Y",FALSE
2142,"N",0,"N",TRUE
2144,"Y",0.144,"N",FALSE
2149,"N",0.852,"Y",FALSE
2151,"N",0.016,"N",TRUE
2153,"N",0.002,"N",TRUE
2155,"N",0.032,"N",TRUE
2158,"N",0.068,"N",TRUE
2159,"N",0.082,"N",TRUE
2162,"N",0.2,"N",TRUE
2164,"N",0.006,"N",TRUE
2169,"N",0.11,"N",TRUE
2170,"N",0.004,"N",TRUE
2173,"N",0.14,"N",TRUE
2176,"N",0.042,"N",TRUE
2178,"N",0.304,"N",TRUE
2180,"Y",0.74,"Y",TRUE
2181,"N",0,"N",TRUE
2183,"N",0.074,"N",TRUE
2190,"N",0.002,"N",TRUE
2200,"N",0.02,"N",TRUE
2202,"Y",0.638,"Y",TRUE
2207,"N",0.192,"N",TRUE
2214,"N",0,"N",TRUE
2217,"N",0.222,"N",TRUE
2219,"N",0.004,"N",TRUE
2222,"N",0.028,"N",TRUE
2224,"N",0.014,"N",TRUE
2229,"N",0,"N",TRUE
2233,"N",0.052,"N",TRUE
2239,"N",0.012,"N",TRUE
2241,"N",0.086,"N",TRUE
2243,"N",0.164,"N",TRUE
2247,"Y",0.986,"Y",TRUE
2250,"N",0.2,"N",TRUE
2251,"N",0.016,"N",TRUE
2259,"N",0.146,"N",TRUE
2261,"N",0.002,"N",TRUE
2263,"N",0,"N",TRUE
2266,"Y",0.468,"Y",TRUE
2270,"N",0.004,"N",TRUE
2276,"N",0.04,"N",TRUE
2277,"Y",0.228,"N",FALSE
2279,"N",0.02,"N",TRUE
2280,"N",0.074,"N",TRUE
2281,"N",0.068,"N",TRUE
2289,"N",0,"N",TRUE
2291,"Y",0.824,"Y",TRUE
2292,"N",0.002,"N",TRUE
2295,"N",0,"N",TRUE
2299,"N",0.15,"N",TRUE
2301,"N",0,"N",TRUE
2302,"N",0,"N",TRUE
2303,"N",0.006,"N",TRUE
2305,"N",0.004,"N",TRUE
2307,"N",0,"N",TRUE
2311,"N",0.02,"N",TRUE
2316,"N",0,"N",TRUE
2324,"N",0.016,"N",TRUE
2329,"N",0.006,"N",TRUE
2330,"Y",0.212,"N",FALSE
2333,"N",0.026,"N",TRUE
2336,"N",0,"N",TRUE
2338,"N",0,"N",TRUE
2339,"N",0.056,"N",TRUE
2340,"N",0.014,"N",TRUE
2341,"N",0.002,"N",TRUE
2346,"Y",0.21,"N",FALSE
2348,"Y",0.016,"N",FALSE
2350,"N",0.03,"N",TRUE
2353,"N",0.016,"N",TRUE
2356,"N",0.002,"N",TRUE
2358,"N",0.004,"N",TRUE
2362,"N",0,"N",TRUE
2363,"Y",0.528,"Y",TRUE
2367,"N",0.18,"N",TRUE
2368,"N",0.012,"N",TRUE
2369,"N",0.032,"N",TRUE
2370,"Y",0.65,"Y",TRUE
2376,"N",0.022,"N",TRUE
2381,"N",0.246,"N",TRUE
2382,"N",0.902,"Y",FALSE
2385,"N",0.098,"N",TRUE
2392,"N",0.268,"N",TRUE
2394,"N",0,"N",TRUE
2396,"Y",0.644,"Y",TRUE
2398,"N",0.002,"N",TRUE
2401,"N",0.026,"N",TRUE
2408,"N",0,"N",TRUE
2410,"N",0,"N",TRUE
2411,"N",0.324,"N",TRUE
2414,"Y",0.586,"Y",TRUE
2416,"N",0,"N",TRUE
2417,"N",0,"N",TRUE
2419,"N",0.148,"N",TRUE
2420,"N",0.226,"N",TRUE
2423,"N",0,"N",TRUE
2426,"N",0.088,"N",TRUE
2435,"N",0.716,"Y",FALSE
2443,"N",0.034,"N",TRUE
2446,"N",0.102,"N",TRUE
2447,"N",0,"N",TRUE
2453,"Y",0.384,"N",FALSE
2458,"Y",0.18,"N",FALSE
2463,"N",0,"N",TRUE
2464,"Y",0.922,"Y",TRUE
2469,"N",0,"N",TRUE
2478,"N",0,"N",TRUE
2481,"N",0.016,"N",TRUE
2483,"N",0.588,"Y",FALSE
2484,"N",0.014,"N",TRUE
2486,"N",0.016,"N",TRUE
2494,"N",0.086,"N",TRUE
2496,"N",0.084,"N",TRUE
2498,"N",0.026,"N",TRUE
2499,"N",0,"N",TRUE
2501,"N",0.004,"N",TRUE
2505,"N",0,"N",TRUE
2508,"Y",0.984,"Y",TRUE
2510,"N",0.956,"Y",FALSE
2512,"Y",0.234,"N",FALSE
2522,"N",0.024,"N",TRUE
2524,"N",0.002,"N",TRUE
2526,"N",0.014,"N",TRUE
2527,"Y",0,"N",FALSE
2530,"N",0.008,"N",TRUE
2532,"N",0.002,"N",TRUE
2534,"N",0,"N",TRUE
2536,"N",0,"N",TRUE
2537,"N",0.018,"N",TRUE
2548,"N",0.014,"N",TRUE
2550,"N",0.012,"N",TRUE
2556,"N",0.232,"N",TRUE
2557,"N",0.874,"Y",FALSE
2558,"N",0.464,"Y",FALSE
2559,"Y",0.968,"Y",TRUE
2561,"N",0.352,"N",TRUE
2562,"N",0.042,"N",TRUE
2565,"N",0.05,"N",TRUE
2570,"N",0.002,"N",TRUE
2574,"N",0.002,"N",TRUE
2575,"Y",0.734,"Y",TRUE
2576,"N",0.006,"N",TRUE
2584,"N",0.038,"N",TRUE
2585,"N",0.168,"N",TRUE
2590,"Y",0.662,"Y",TRUE
2592,"N",0.006,"N",TRUE
2594,"N",0.004,"N",TRUE
2595,"N",0,"N",TRUE
2608,"N",0.002,"N",TRUE
2610,"Y",0.764,"Y",TRUE
2611,"N",0.058,"N",TRUE
2616,"N",0,"N",TRUE
2625,"N",0.004,"N",TRUE
2628,"N",0,"N",TRUE
2633,"N",0.058,"N",TRUE
2635,"N",0.116,"N",TRUE
2640,"N",0.038,"N",TRUE
2642,"N",0.002,"N",TRUE
2645,"N",0.19,"N",TRUE
2649,"N",0.046,"N",TRUE
2655,"N",0.018,"N",TRUE
2658,"Y",0.986,"Y",TRUE
2660,"N",0,"N",TRUE
2667,"N",0.124,"N",TRUE
2669,"N",0.13,"N",TRUE
2673,"Y",0.42,"Y",TRUE
2675,"Y",0.042,"N",FALSE
2677,"N",0.004,"N",TRUE
2681,"N",0.018,"N",TRUE
2682,"N",0.774,"Y",FALSE
2685,"N",0,"N",TRUE
2687,"N",0,"N",TRUE
2688,"N",0.022,"N",TRUE
2690,"N",0.37,"N",TRUE
2693,"Y",0.364,"N",FALSE
2695,"N",0.24,"N",TRUE
2701,"N",0.094,"N",TRUE
2705,"N",0.01,"N",TRUE
2706,"N",0.13,"N",TRUE
2711,"N",0,"N",TRUE
2717,"N",0,"N",TRUE
2721,"N",0.008,"N",TRUE
2723,"N",0,"N",TRUE
2726,"N",0.022,"N",TRUE
2729,"N",0.018,"N",TRUE
2736,"N",0.008,"N",TRUE
2739,"N",0.056,"N",TRUE
2740,"N",0.254,"N",TRUE
2745,"N",0.06,"N",TRUE
2746,"Y",0.99,"Y",TRUE
2751,"Y",0.314,"N",FALSE
2752,"Y",0.298,"N",FALSE
2756,"Y",0.416,"Y",TRUE
2761,"N",0,"N",TRUE
2764,"N",0.008,"N",TRUE
2769,"N",0,"N",TRUE
2770,"N",0.008,"N",TRUE
2772,"N",0.002,"N",TRUE
2774,"N",0.008,"N",TRUE
2779,"N",0.124,"N",TRUE
2783,"N",0,"N",TRUE
2786,"N",0,"N",TRUE
2797,"N",0.004,"N",TRUE
2798,"N",0,"N",TRUE
2802,"N",0.004,"N",TRUE
2811,"Y",0.306,"N",FALSE
2817,"Y",0.234,"N",FALSE
2820,"Y",0.944,"Y",TRUE
2827,"N",0.012,"N",TRUE
2833,"N",0,"N",TRUE
2834,"N",0,"N",TRUE
2840,"N",0.056,"N",TRUE
2841,"N",0.036,"N",TRUE
2847,"Y",0.83,"Y",TRUE
2848,"N",0.024,"N",TRUE
2859,"N",0,"N",TRUE
2860,"N",0,"N",TRUE
2861,"N",0.172,"N",TRUE
2862,"N",0,"N",TRUE
2866,"N",0.236,"N",TRUE
2868,"N",0,"N",TRUE
2870,"N",0.004,"N",TRUE
2877,"N",0.028,"N",TRUE
2883,"Y",0.536,"Y",TRUE
2885,"N",0.002,"N",TRUE
2886,"N",0.018,"N",TRUE
2894,"N",0.016,"N",TRUE
2897,"Y",0.528,"Y",TRUE
2901,"Y",0.808,"Y",TRUE
2907,"N",0,"N",TRUE
2908,"N",0.214,"N",TRUE
2909,"N",0.004,"N",TRUE
2912,"N",0,"N",TRUE
2913,"Y",0.394,"N",FALSE
2915,"N",0,"N",TRUE
2918,"N",0.508,"Y",FALSE
2920,"N",0.658,"Y",FALSE
2925,"N",0.018,"N",TRUE
2928,"N",0.208,"N",TRUE
2929,"N",0,"N",TRUE
2930,"N",0.202,"N",TRUE
2931,"N",0.014,"N",TRUE
2934,"N",0,"N",TRUE
2935,"N",0.008,"N",TRUE
2938,"N",0,"N",TRUE
2939,"N",0.002,"N",TRUE
2942,"N",0.004,"N",TRUE
2945,"Y",0.574,"Y",TRUE
2953,"N",0,"N",TRUE
2955,"N",0.294,"N",TRUE
2957,"N",0.074,"N",TRUE
2958,"N",0,"N",TRUE
2961,"N",0.01,"N",TRUE
2962,"N",0.64,"Y",FALSE
2963,"N",0.046,"N",TRUE
2964,"N",0,"N",TRUE
2965,"Y",0.824,"Y",TRUE
2970,"N",0.07,"N",TRUE
2973,"N",0.052,"N",TRUE
2974,"N",0.1,"N",TRUE
2977,"N",0.004,"N",TRUE
2986,"N",0.006,"N",TRUE
2988,"N",0.19,"N",TRUE
2989,"Y",0.972,"Y",TRUE
2991,"Y",0.298,"N",FALSE
2999,"N",0,"N",TRUE
3000,"N",0.036,"N",TRUE
3002,"N",0.002,"N",TRUE
3012,"Y",0.27,"N",FALSE
3016,"N",0.002,"N",TRUE
3022,"Y",0.72,"Y",TRUE
3023,"N",0.078,"N",TRUE
3031,"N",0.002,"N",TRUE
3032,"N",0.008,"N",TRUE
3035,"Y",0.658,"Y",TRUE
3038,"N",0.008,"N",TRUE
3041,"N",0,"N",TRUE
3045,"N",0.002,"N",TRUE
3049,"N",0,"N",TRUE
3051,"N",0.236,"N",TRUE
3054,"N",0.274,"N",TRUE
3055,"Y",0.852,"Y",TRUE
3056,"N",0,"N",TRUE
3060,"N",0.19,"N",TRUE
3063,"N",0,"N",TRUE
3065,"N",0.002,"N",TRUE
3072,"N",0.006,"N",TRUE
3073,"N",0.056,"N",TRUE
3074,"Y",0.024,"N",FALSE
3078,"N",0.002,"N",TRUE
3079,"N",0.016,"N",TRUE
3081,"N",0,"N",TRUE
3086,"N",0.046,"N",TRUE
3088,"N",0.864,"Y",FALSE
3092,"N",0.306,"N",TRUE
3093,"N",0.124,"N",TRUE
3094,"N",0.138,"N",TRUE
3097,"Y",0.662,"Y",TRUE
3102,"Y",0.126,"N",FALSE
3105,"N",0.008,"N",TRUE
3110,"N",0,"N",TRUE
3112,"N",0.01,"N",TRUE
3114,"N",0.01,"N",TRUE
3119,"N",0,"N",TRUE
3123,"N",0.79,"Y",FALSE
3126,"N",0,"N",TRUE
3129,"N",0.178,"N",TRUE
3132,"N",0.084,"N",TRUE
3136,"N",0.006,"N",TRUE
3143,"N",0.002,"N",TRUE
3144,"N",0.06,"N",TRUE
3148,"N",0.022,"N",TRUE
3149,"N",0.316,"N",TRUE
3151,"N",0.85,"Y",FALSE
3153,"N",0.058,"N",TRUE
3155,"N",0,"N",TRUE
3159,"N",0.014,"N",TRUE
3163,"N",0.066,"N",TRUE
3165,"N",0.026,"N",TRUE
3167,"N",0.226,"N",TRUE
3174,"N",0,"N",TRUE
3177,"N",0,"N",TRUE
3179,"N",0,"N",TRUE
3180,"Y",0.9,"Y",TRUE
3181,"N",0.072,"N",TRUE
3183,"N",0.158,"N",TRUE
3186,"N",0,"N",TRUE
3187,"N",0.002,"N",TRUE
3189,"Y",0.558,"Y",TRUE
3191,"Y",0.782,"Y",TRUE
3195,"Y",0.842,"Y",TRUE
3196,"N",0.174,"N",TRUE
3197,"N",0.24,"N",TRUE
3198,"N",0.224,"N",TRUE
3200,"Y",0.398,"N",FALSE
3203,"N",0,"N",TRUE
3204,"N",0.028,"N",TRUE
3208,"N",0,"N",TRUE
3215,"N",0.19,"N",TRUE
3216,"Y",0.298,"N",FALSE
3218,"Y",0.768,"Y",TRUE
3219,"N",0,"N",TRUE
3223,"N",0.372,"N",TRUE
3228,"Y",0.496,"Y",TRUE
3231,"Y",0.014,"N",FALSE
3232,"Y",0.946,"Y",TRUE
3233,"N",0,"N",TRUE
3236,"N",0.064,"N",TRUE
3238,"N",0.004,"N",TRUE
3239,"N",0,"N",TRUE
3240,"Y",0.618,"Y",TRUE
3242,"N",0.004,"N",TRUE
3248,"N",0,"N",TRUE
3249,"N",0.002,"N",TRUE
3254,"N",0,"N",TRUE
3255,"N",0,"N",TRUE
3257,"Y",0.962,"Y",TRUE
3263,"Y",0.474,"Y",TRUE
3264,"N",0.042,"N",TRUE
3266,"N",0,"N",TRUE
3267,"N",0.004,"N",TRUE
3271,"N",0,"N",TRUE
3272,"N",0.002,"N",TRUE
3277,"N",0.04,"N",TRUE
3282,"N",0.116,"N",TRUE
3285,"N",0.002,"N",TRUE
3290,"N",0.088,"N",TRUE
3292,"Y",0.482,"Y",TRUE
3294,"N",0.042,"N",TRUE
3299,"N",0,"N",TRUE
3300,"Y",0.54,"Y",TRUE
3301,"N",0.026,"N",TRUE
3306,"Y",0.852,"Y",TRUE
3309,"N",0,"N",TRUE
3312,"N",0.284,"N",TRUE
3315,"N",0.008,"N",TRUE
3316,"N",0.198,"N",TRUE
3317,"N",0.362,"N",TRUE
3320,"N",0,"N",TRUE
3321,"N",0.49,"Y",FALSE
3322,"N",0.002,"N",TRUE
3324,"N",0,"N",TRUE
3327,"N",0,"N",TRUE
3328,"Y",0.898,"Y",TRUE
3331,"N",0.006,"N",TRUE
3333,"N",0.04,"N",TRUE
3334,"N",0.104,"N",TRUE
3338,"N",0,"N",TRUE
3339,"N",0,"N",TRUE
3342,"Y",0.91,"Y",TRUE
3346,"N",0,"N",TRUE
3354,"N",0,"N",TRUE
3357,"Y",0.51,"Y",TRUE
3359,"N",0.008,"N",TRUE
3365,"N",0,"N",TRUE
3367,"N",0,"N",TRUE
3369,"N",0.002,"N",TRUE
3371,"N",0.088,"N",TRUE
3378,"N",0.026,"N",TRUE
3379,"N",0.562,"Y",FALSE
3382,"N",0,"N",TRUE
3386,"N",0,"N",TRUE
3389,"N",0.406,"Y",FALSE
3390,"N",0.106,"N",TRUE
3391,"N",0.534,"Y",FALSE
3393,"N",0.34,"N",TRUE
3396,"N",0,"N",TRUE
3398,"Y",0.872,"Y",TRUE
3402,"N",0.106,"N",TRUE
3403,"N",0.016,"N",TRUE
3411,"N",0,"N",TRUE
3412,"N",0.046,"N",TRUE
3418,"N",0.4,"Y",FALSE
3419,"N",0,"N",TRUE
3426,"Y",0.192,"N",FALSE
3428,"N",0.072,"N",TRUE
3431,"N",0.22,"N",TRUE
3432,"N",0.01,"N",TRUE
3433,"N",0.154,"N",TRUE
3437,"Y",0.374,"N",FALSE
3439,"N",0.006,"N",TRUE
3442,"N",0.002,"N",TRUE
3445,"N",0.008,"N",TRUE
3446,"N",0,"N",TRUE
3447,"N",0,"N",TRUE
3449,"N",0.23,"N",TRUE
3450,"N",0,"N",TRUE
3457,"N",0.074,"N",TRUE
3460,"N",0.008,"N",TRUE
3468,"N",0,"N",TRUE
3470,"Y",0.042,"N",FALSE
3473,"N",0.03,"N",TRUE
3478,"N",0.002,"N",TRUE
3480,"N",0,"N",TRUE
3482,"Y",0.9,"Y",TRUE
3484,"N",0.02,"N",TRUE
3486,"Y",0.72,"Y",TRUE
3489,"N",0.02,"N",TRUE
3491,"N",0.252,"N",TRUE
3497,"Y",0.94,"Y",TRUE
3498,"N",0.026,"N",TRUE
3499,"N",0.002,"N",TRUE
3500,"N",0.002,"N",TRUE
3504,"N",0.172,"N",TRUE
3505,"N",0,"N",TRUE
3508,"N",0,"N",TRUE
3509,"N",0.076,"N",TRUE
3513,"N",0.024,"N",TRUE
3517,"Y",0.998,"Y",TRUE
3519,"N",0.036,"N",TRUE
3523,"N",0,"N",TRUE
3524,"N",0,"N",TRUE
3529,"N",0,"N",TRUE
3531,"N",0.158,"N",TRUE
3536,"N",0.076,"N",TRUE
3543,"Y",0.708,"Y",TRUE
3544,"Y",0.556,"Y",TRUE
3545,"N",0.006,"N",TRUE
3546,"N",0.266,"N",TRUE
3554,"Y",0.002,"N",FALSE
3555,"N",0.202,"N",TRUE
3556,"N",0,"N",TRUE
3557,"N",0.48,"Y",FALSE
3565,"N",0.008,"N",TRUE
3566,"N",0,"N",TRUE
3567,"N",0.21,"N",TRUE
3568,"N",0.044,"N",TRUE
3573,"N",0.04,"N",TRUE
3575,"Y",0.132,"N",FALSE
3576,"N",0.02,"N",TRUE
3578,"N",0.116,"N",TRUE
3580,"N",0,"N",TRUE
3581,"N",0.01,"N",TRUE
3582,"N",0,"N",TRUE
3592,"N",0.332,"N",TRUE
3598,"N",0.48,"Y",FALSE
3599,"N",0.088,"N",TRUE
3601,"N",0.004,"N",TRUE
3602,"N",0.558,"Y",FALSE
3604,"N",0.746,"Y",FALSE
3610,"N",0,"N",TRUE
3615,"N",0,"N",TRUE
3616,"Y",0.63,"Y",TRUE
3617,"N",0,"N",TRUE
3618,"N",0,"N",TRUE
3622,"N",0,"N",TRUE
3623,"N",0.01,"N",TRUE
3625,"N",0.012,"N",TRUE
3631,"N",0.038,"N",TRUE
3635,"Y",0.016,"N",FALSE
3640,"N",0.002,"N",TRUE
3641,"N",0,"N",TRUE
3646,"N",0,"N",TRUE
3654,"N",0,"N",TRUE
3655,"N",0.004,"N",TRUE
3662,"N",0,"N",TRUE
3668,"Y",0.208,"N",FALSE
3673,"N",0.008,"N",TRUE
3675,"N",0.01,"N",TRUE
3679,"N",0,"N",TRUE
3685,"N",0,"N",TRUE
3686,"N",0.688,"Y",FALSE
3689,"Y",0.876,"Y",TRUE
3690,"N",0,"N",TRUE
3694,"Y",0.984,"Y",TRUE
3701,"N",0.004,"N",TRUE
3706,"Y",0.894,"Y",TRUE
3707,"N",0.076,"N",TRUE
3710,"Y",0.994,"Y",TRUE
3712,"N",0.008,"N",TRUE
3713,"N",0.144,"N",TRUE
3723,"N",0.032,"N",TRUE
3728,"N",0.11,"N",TRUE
3731,"Y",0.626,"Y",TRUE
3734,"Y",0.476,"Y",TRUE
3735,"N",0.068,"N",TRUE
3743,"Y",0.066,"N",FALSE
3745,"Y",0.852,"Y",TRUE
3750,"Y",0.844,"Y",TRUE
3755,"N",0.004,"N",TRUE
3761,"N",0.07,"N",TRUE
3765,"Y",0.126,"N",FALSE
3770,"N",0.016,"N",TRUE
3773,"N",0.148,"N",TRUE
3774,"Y",0.908,"Y",TRUE
3776,"N",0,"N",TRUE
3778,"N",0.212,"N",TRUE
3779,"N",0,"N",TRUE
3780,"N",0,"N",TRUE
3781,"Y",0.136,"N",FALSE
3784,"N",0.004,"N",TRUE
3789,"N",0,"N",TRUE
3792,"N",0.004,"N",TRUE
3798,"N",0,"N",TRUE
3800,"N",0.002,"N",TRUE
3801,"N",0.004,"N",TRUE
3804,"N",0.012,"N",TRUE
3806,"N",0.016,"N",TRUE
3809,"Y",0.474,"Y",TRUE
3817,"N",0,"N",TRUE
3818,"N",0,"N",TRUE
3820,"N",0,"N",TRUE
3825,"Y",0.708,"Y",TRUE
3826,"Y",0.374,"N",FALSE
3835,"Y",0.574,"Y",TRUE
3844,"N",0.166,"N",TRUE
3845,"Y",0.974,"Y",TRUE
3846,"N",0,"N",TRUE
3847,"N",0.002,"N",TRUE
3848,"N",0.002,"N",TRUE
3849,"N",0.008,"N",TRUE
3850,"N",0,"N",TRUE
3851,"Y",0.418,"Y",TRUE
3852,"N",0.004,"N",TRUE
3857,"N",0.21,"N",TRUE
3861,"N",0.116,"N",TRUE
3864,"N",0.004,"N",TRUE
3868,"N",0,"N",TRUE
3869,"Y",0.836,"Y",TRUE
3880,"Y",0.934,"Y",TRUE
3881,"N",0.29,"N",TRUE
3882,"Y",0.11,"N",FALSE
3893,"N",0.002,"N",TRUE
3907,"N",0.004,"N",TRUE
3908,"Y",0.396,"N",FALSE
3911,"N",0,"N",TRUE
3914,"N",0.012,"N",TRUE
3915,"N",0,"N",TRUE
3920,"N",0,"N",TRUE
3922,"N",0.214,"N",TRUE
3925,"N",0.256,"N",TRUE
3930,"N",0.044,"N",TRUE
3931,"N",0.044,"N",TRUE
3932,"N",0.046,"N",TRUE
3936,"N",0,"N",TRUE
3946,"N",0.006,"N",TRUE
3947,"N",0,"N",TRUE
3948,"N",0.054,"N",TRUE
3955,"Y",0.866,"Y",TRUE
3956,"Y",0.934,"Y",TRUE
3957,"N",0.004,"N",TRUE
3958,"N",0.08,"N",TRUE
3962,"N",0.188,"N",TRUE
3963,"N",0.004,"N",TRUE
3966,"Y",0.716,"Y",TRUE
3967,"Y",0.24,"N",FALSE
3970,"N",0,"N",TRUE
3971,"N",0.058,"N",TRUE
3972,"N",0.004,"N",TRUE
3973,"N",0,"N",TRUE
3975,"Y",0.89,"Y",TRUE
3978,"N",0.224,"N",TRUE
3981,"N",0,"N",TRUE
3985,"N",0,"N",TRUE
3989,"N",0.086,"N",TRUE
3991,"N",0,"N",TRUE
3993,"N",0.074,"N",TRUE
3994,"N",0.002,"N",TRUE
3996,"N",0,"N",TRUE
4000,"N",0,"N",TRUE
4003,"N",0.07,"N",TRUE
4006,"N",0.062,"N",TRUE
4007,"N",0,"N",TRUE
4010,"N",0.002,"N",TRUE
4011,"N",0.006,"N",TRUE
4012,"Y",0.01,"N",FALSE
4018,"Y",0.902,"Y",TRUE
4020,"Y",0.104,"N",FALSE
4025,"N",0.022,"N",TRUE
4026,"N",0.012,"N",TRUE
4028,"N",0.296,"N",TRUE
4037,"N",0,"N",TRUE
4038,"N",0.206,"N",TRUE
4039,"N",0.026,"N",TRUE
4041,"N",0.058,"N",TRUE
4042,"N",0.868,"Y",FALSE
4043,"N",0,"N",TRUE
4044,"N",0.608,"Y",FALSE
4047,"N",0.002,"N",TRUE
4056,"Y",0.858,"Y",TRUE
4058,"N",0.03,"N",TRUE
4073,"N",0.126,"N",TRUE
4088,"N",0.006,"N",TRUE
4089,"N",0,"N",TRUE
4091,"N",0.066,"N",TRUE
4102,"N",0.014,"N",TRUE
4104,"N",0,"N",TRUE
4108,"N",0.29,"N",TRUE
4111,"N",0.198,"N",TRUE
4112,"N",0.01,"N",TRUE
4114,"N",0.024,"N",TRUE
4119,"N",0,"N",TRUE
4121,"N",0,"N",TRUE
4127,"N",0,"N",TRUE
4131,"N",0.006,"N",TRUE
4134,"N",0.478,"Y",FALSE
4149,"N",0.024,"N",TRUE
4151,"N",0.046,"N",TRUE
4153,"N",0,"N",TRUE
4154,"Y",0.742,"Y",TRUE
4156,"N",0,"N",TRUE
4158,"N",0.002,"N",TRUE
4160,"N",0,"N",TRUE
4161,"N",0.006,"N",TRUE
4162,"N",0.074,"N",TRUE
4164,"N",0,"N",TRUE
4170,"N",0.166,"N",TRUE
4172,"N",0.002,"N",TRUE
4173,"Y",0.416,"Y",TRUE
4176,"Y",0.862,"Y",TRUE
4178,"Y",0.312,"N",FALSE
4180,"N",0.004,"N",TRUE
4181,"Y",0.614,"Y",TRUE
4184,"N",0.004,"N",TRUE
4185,"N",0.49,"Y",FALSE
4189,"Y",0.812,"Y",TRUE
4195,"N",0.086,"N",TRUE
4201,"N",0.004,"N",TRUE
4204,"N",0.034,"N",TRUE
4207,"N",0.016,"N",TRUE
4208,"N",0.024,"N",TRUE
4209,"N",0.018,"N",TRUE
4210,"N",0.028,"N",TRUE
4214,"N",0,"N",TRUE
4217,"N",0.462,"Y",FALSE
4219,"N",0.212,"N",TRUE
4220,"N",0.03,"N",TRUE
4225,"N",0.002,"N",TRUE
4228,"N",0,"N",TRUE
4231,"N",0.13,"N",TRUE
4237,"N",0,"N",TRUE
4241,"N",0.032,"N",TRUE
4243,"N",0.102,"N",TRUE
4247,"N",0.002,"N",TRUE
4248,"Y",0.392,"N",FALSE
4255,"Y",0.192,"N",FALSE
4256,"N",0.002,"N",TRUE
4258,"N",0.476,"Y",FALSE
4259,"N",0.008,"N",TRUE
4261,"N",0.016,"N",TRUE
4264,"N",0,"N",TRUE
4267,"N",0.002,"N",TRUE
4271,"N",0,"N",TRUE
4273,"N",0.004,"N",TRUE
4275,"N",0,"N",TRUE
4276,"N",0.214,"N",TRUE
4283,"N",0.058,"N",TRUE
4302,"N",0.004,"N",TRUE
4304,"N",0.18,"N",TRUE
4305,"N",0.004,"N",TRUE
4307,"N",0,"N",TRUE
4322,"N",0.046,"N",TRUE
4323,"N",0.018,"N",TRUE
4324,"Y",0.95,"Y",TRUE
4329,"N",0,"N",TRUE
4330,"N",0.008,"N",TRUE
4331,"N",0.53,"Y",FALSE
4334,"N",0.04,"N",TRUE
4337,"N",0.27,"N",TRUE
4344,"N",0.046,"N",TRUE
4346,"Y",0.858,"Y",TRUE
4349,"N",0.002,"N",TRUE
4351,"N",0,"N",TRUE
4353,"N",0,"N",TRUE
4357,"N",0.074,"N",TRUE
4360,"N",0,"N",TRUE
4361,"N",0.296,"N",TRUE
4362,"Y",0.954,"Y",TRUE
4363,"Y",0.89,"Y",TRUE
4364,"Y",0.554,"Y",TRUE
4369,"N",0.096,"N",TRUE
4370,"N",0.134,"N",TRUE
4371,"Y",0.972,"Y",TRUE
4372,"Y",0.77,"Y",TRUE
4374,"N",0,"N",TRUE
4378,"N",0,"N",TRUE
4381,"N",0.37,"N",TRUE
4382,"N",0.024,"N",TRUE
4385,"N",0.414,"Y",FALSE
4386,"N",0.228,"N",TRUE
4387,"Y",0.386,"N",FALSE
4388,"N",0.082,"N",TRUE
4389,"N",0.004,"N",TRUE
4390,"N",0.002,"N",TRUE
4391,"N",0.026,"N",TRUE
4393,"N",0.842,"Y",FALSE
4401,"N",0.086,"N",TRUE
4405,"N",0.11,"N",TRUE
4406,"N",0.024,"N",TRUE
4411,"N",0.002,"N",TRUE
4412,"N",0.002,"N",TRUE
4415,"Y",0.456,"Y",TRUE
4419,"N",0.058,"N",TRUE
4424,"N",0.248,"N",TRUE
4426,"N",0.034,"N",TRUE
4427,"N",0.326,"N",TRUE
4432,"N",0,"N",TRUE
4435,"N",0.474,"Y",FALSE
4437,"Y",0.986,"Y",TRUE
4438,"N",0,"N",TRUE
4442,"N",0.008,"N",TRUE
4444,"Y",0.826,"Y",TRUE
4451,"Y",0.912,"Y",TRUE
4454,"N",0.022,"N",TRUE
4463,"N",0.006,"N",TRUE
4465,"Y",0.63,"Y",TRUE
4466,"N",0.142,"N",TRUE
4473,"N",0,"N",TRUE
4477,"N",0.03,"N",TRUE
4488,"N",0.05,"N",TRUE
4490,"N",0.008,"N",TRUE
4501,"N",0.458,"Y",FALSE
4504,"N",0.09,"N",TRUE
4511,"N",0.068,"N",TRUE
4514,"N",0.008,"N",TRUE
4515,"N",0.004,"N",TRUE
4518,"N",0.002,"N",TRUE
4523,"N",0.024,"N",TRUE
4524,"N",0,"N",TRUE
4525,"N",0.002,"N",TRUE
4535,"N",0.054,"N",TRUE
4540,"Y",0.29,"N",FALSE
4543,"Y",0.526,"Y",TRUE
4545,"N",0,"N",TRUE
4546,"Y",0.736,"Y",TRUE
4547,"N",0.002,"N",TRUE
4548,"N",0,"N",TRUE
4561,"N",0.038,"N",TRUE
4562,"N",0.002,"N",TRUE
4564,"N",0.004,"N",TRUE
4568,"N",0,"N",TRUE
4569,"N",0.004,"N",TRUE
4573,"N",0.004,"N",TRUE
4575,"N",0,"N",TRUE
4580,"N",0.004,"N",TRUE
4589,"N",0.008,"N",TRUE
4594,"N",0,"N",TRUE
4597,"N",0.742,"Y",FALSE
4598,"N",0.002,"N",TRUE
4599,"N",0.016,"N",TRUE
4601,"N",0.026,"N",TRUE
4603,"Y",0.746,"Y",TRUE
4610,"N",0.012,"N",TRUE
4615,"N",0.02,"N",TRUE
4616,"N",0.01,"N",TRUE
4623,"N",0.004,"N",TRUE
4626,"N",0,"N",TRUE
4628,"N",0.002,"N",TRUE
4629,"N",0.01,"N",TRUE
4641,"N",0.002,"N",TRUE
4643,"N",0.066,"N",TRUE
4644,"N",0.014,"N",TRUE
4646,"N",0.556,"Y",FALSE
4649,"N",0.046,"N",TRUE
4652,"N",0.108,"N",TRUE
4659,"N",0.012,"N",TRUE
4663,"N",0.006,"N",TRUE
4665,"N",0.012,"N",TRUE
4667,"N",0.012,"N",TRUE
4670,"N",0,"N",TRUE
4672,"N",0.066,"N",TRUE
4675,"N",0.004,"N",TRUE
4676,"N",0,"N",TRUE
4683,"N",0.048,"N",TRUE
4687,"N",0,"N",TRUE
4689,"N",0.034,"N",TRUE
4690,"N",0,"N",TRUE
4691,"N",0,"N",TRUE
4694,"Y",0.578,"Y",TRUE
4695,"N",0.4,"Y",FALSE
4697,"N",0.03,"N",TRUE
4698,"N",0.162,"N",TRUE
4699,"N",0.37,"N",TRUE
4705,"N",0.096,"N",TRUE
4706,"N",0.036,"N",TRUE
4707,"N",0.222,"N",TRUE
4712,"Y",0.45,"Y",TRUE
4714,"N",0.002,"N",TRUE
4715,"N",0.092,"N",TRUE
4717,"N",0.048,"N",TRUE
4718,"N",0.05,"N",TRUE
4719,"N",0,"N",TRUE
4721,"Y",0.002,"N",FALSE
4722,"N",0,"N",TRUE
4723,"N",0.002,"N",TRUE
4725,"Y",0.422,"Y",TRUE
4726,"N",0,"N",TRUE
4727,"N",0.04,"N",TRUE
4729,"Y",0.768,"Y",TRUE
4731,"N",0.034,"N",TRUE
4736,"N",0.526,"Y",FALSE
4738,"N",0.284,"N",TRUE
4743,"Y",0.554,"Y",TRUE
4746,"N",0.002,"N",TRUE
4747,"Y",0.38,"N",FALSE
4751,"N",0.47,"Y",FALSE
4756,"N",0.274,"N",TRUE
4760,"Y",0.942,"Y",TRUE
4763,"N",0.942,"Y",FALSE
4767,"N",0.054,"N",TRUE
4770,"N",0,"N",TRUE
4771,"N",0.926,"Y",FALSE
4773,"N",0,"N",TRUE
4778,"N",0.234,"N",TRUE
4789,"N",0.002,"N",TRUE
4791,"N",0.004,"N",TRUE
4793,"N",0.598,"Y",FALSE
4794,"N",0.742,"Y",FALSE
4795,"Y",0.05,"N",FALSE
4799,"N",0.842,"Y",FALSE
4800,"N",0,"N",TRUE
4802,"Y",0.446,"Y",TRUE
4803,"N",0.008,"N",TRUE
4807,"N",0,"N",TRUE
4808,"N",0.002,"N",TRUE
4813,"N",0.004,"N",TRUE
4817,"N",0.01,"N",TRUE
4818,"N",0,"N",TRUE
4823,"N",0.086,"N",TRUE
4824,"N",0.146,"N",TRUE
4828,"N",0,"N",TRUE
4829,"N",0.024,"N",TRUE
4831,"N",0.008,"N",TRUE
4832,"N",0.004,"N",TRUE
4833,"Y",0.534,"Y",TRUE
4837,"N",0.056,"N",TRUE
4838,"N",0.002,"N",TRUE
4840,"N",0,"N",TRUE
4841,"N",0.158,"N",TRUE
4847,"N",0.054,"N",TRUE
4856,"N",0.004,"N",TRUE
4860,"N",0.002,"N",TRUE
4862,"N",0.002,"N",TRUE
4868,"N",0.17,"N",TRUE
4872,"N",0.082,"N",TRUE
4875,"N",0,"N",TRUE
4888,"N",0.114,"N",TRUE
4891,"N",0.054,"N",TRUE
4895,"N",0.034,"N",TRUE
4896,"N",0.064,"N",TRUE
4897,"N",0,"N",TRUE
4899,"N",0.51,"Y",FALSE
4900,"N",0.416,"Y",FALSE
4901,"N",0,"N",TRUE
4906,"N",0.042,"N",TRUE
4908,"N",0,"N",TRUE
4909,"N",0.006,"N",TRUE
4910,"N",0,"N",TRUE
4911,"N",0.5,"Y",FALSE
4917,"N",0.176,"N",TRUE
4918,"N",0.002,"N",TRUE
4920,"N",0,"N",TRUE
4921,"N",0.004,"N",TRUE
4923,"N",0,"N",TRUE
4929,"N",0.98,"Y",FALSE
4931,"N",0.01,"N",TRUE
4936,"Y",0.942,"Y",TRUE
4937,"N",0.306,"N",TRUE
4943,"N",0.9,"Y",FALSE
4946,"N",0.014,"N",TRUE
4948,"N",0,"N",TRUE
4952,"N",0.024,"N",TRUE
4956,"N",0.022,"N",TRUE
4957,"Y",0.8,"Y",TRUE
4963,"N",0,"N",TRUE
4965,"Y",0.76,"Y",TRUE
4969,"N",0.002,"N",TRUE
4971,"Y",0.972,"Y",TRUE
4974,"N",0.002,"N",TRUE
4977,"N",0.108,"N",TRUE
4978,"N",0.158,"N",TRUE
4990,"N",0.018,"N",TRUE
4992,"N",0,"N",TRUE
4993,"Y",0.85,"Y",TRUE
4996,"N",0.002,"N",TRUE
5007,"N",0.004,"N",TRUE
5012,"N",0,"N",TRUE
5018,"N",0.268,"N",TRUE
5021,"Y",0.8,"Y",TRUE
5024,"N",0.046,"N",TRUE
5027,"N",0,"N",TRUE
5029,"N",0.038,"N",TRUE
5030,"N",0,"N",TRUE
5031,"N",0.002,"N",TRUE
5035,"N",0.008,"N",TRUE
5037,"N",0,"N",TRUE
5038,"Y",0.156,"N",FALSE
5049,"Y",0.778,"Y",TRUE
5053,"N",0.106,"N",TRUE
5054,"N",0.098,"N",TRUE
5057,"N",0.5,"Y",FALSE
5068,"N",0.004,"N",TRUE
5069,"N",0.242,"N",TRUE
5086,"N",0.026,"N",TRUE
5091,"N",0.23,"N",TRUE
5095,"N",0.002,"N",TRUE
5096,"N",0.054,"N",TRUE
5098,"N",0,"N",TRUE
5100,"N",0,"N",TRUE
5101,"Y",0.984,"Y",TRUE
5103,"N",0.052,"N",TRUE
5105,"N",0.006,"N",TRUE
5106,"N",0.008,"N",TRUE
5107,"N",0.11,"N",TRUE
5113,"N",0,"N",TRUE
5115,"N",0.076,"N",TRUE
5118,"N",0.002,"N",TRUE
5119,"N",0,"N",TRUE
5120,"Y",0.702,"Y",TRUE
5122,"Y",0.61,"Y",TRUE
5124,"N",0.014,"N",TRUE
5127,"N",0.404,"Y",FALSE
5129,"N",0.004,"N",TRUE
5132,"N",0,"N",TRUE
5133,"N",0.004,"N",TRUE
5135,"Y",0.964,"Y",TRUE
5150,"N",0.002,"N",TRUE
5156,"Y",0.048,"N",FALSE
5160,"N",0.008,"N",TRUE
5163,"Y",0.762,"Y",TRUE
5169,"N",0.322,"N",TRUE
5172,"N",0.04,"N",TRUE
5176,"N",0,"N",TRUE
5183,"N",0.012,"N",TRUE
5184,"N",0.016,"N",TRUE
5188,"N",0.304,"N",TRUE
5189,"N",0.036,"N",TRUE
5192,"N",0.09,"N",TRUE
5194,"N",0.07,"N",TRUE
5195,"N",0.016,"N",TRUE
5197,"N",0.066,"N",TRUE
5202,"N",0,"N",TRUE
5205,"N",0,"N",TRUE
5209,"Y",0.844,"Y",TRUE
5219,"N",0.024,"N",TRUE
5221,"Y",0.894,"Y",TRUE
5222,"Y",0.77,"Y",TRUE
5223,"Y",0.656,"Y",TRUE
5224,"N",0.008,"N",TRUE
5226,"N",0.01,"N",TRUE
5232,"N",0.15,"N",TRUE
5233,"N",0.018,"N",TRUE
5234,"N",0.57,"Y",FALSE
5235,"Y",0.988,"Y",TRUE
5237,"N",0.17,"N",TRUE
5241,"N",0.016,"N",TRUE
5244,"N",0.626,"Y",FALSE
5245,"Y",0.642,"Y",TRUE
5252,"N",0,"N",TRUE
5255,"N",0.004,"N",TRUE
5263,"N",0.02,"N",TRUE
5270,"N",0.092,"N",TRUE
5280,"N",0,"N",TRUE
5282,"N",0.002,"N",TRUE
5291,"N",0.004,"N",TRUE
5292,"N",0,"N",TRUE
5295,"N",0,"N",TRUE
5296,"N",0.07,"N",TRUE
5300,"Y",0.99,"Y",TRUE
5304,"N",0.004,"N",TRUE
5307,"N",0.278,"N",TRUE
5310,"Y",0.912,"Y",TRUE
5313,"N",0.22,"N",TRUE
5317,"N",0.588,"Y",FALSE
5318,"N",0.006,"N",TRUE
5319,"N",0.224,"N",TRUE
5322,"N",0,"N",TRUE
5328,"Y",0.484,"Y",TRUE
5329,"Y",0.99,"Y",TRUE
5333,"N",0.418,"Y",FALSE
5337,"N",0.192,"N",TRUE
5339,"N",0.002,"N",TRUE
5341,"N",0.09,"N",TRUE
5346,"N",0.772,"Y",FALSE
5349,"Y",0.772,"Y",TRUE
5351,"N",0.008,"N",TRUE
5354,"Y",0.748,"Y",TRUE
5355,"N",0,"N",TRUE
5360,"N",0,"N",TRUE
5361,"N",0.008,"N",TRUE
5362,"N",0.002,"N",TRUE
5363,"N",0.174,"N",TRUE
5367,"N",0.722,"Y",FALSE
5368,"N",0.034,"N",TRUE
5369,"N",0,"N",TRUE
5370,"Y",0.872,"Y",TRUE
5372,"N",0.296,"N",TRUE
5373,"N",0.112,"N",TRUE
5376,"N",0.222,"N",TRUE
5382,"N",0.062,"N",TRUE
5387,"Y",0.768,"Y",TRUE
5400,"N",0.076,"N",TRUE
5401,"N",0.022,"N",TRUE
5402,"N",0,"N",TRUE
5404,"N",0,"N",TRUE
5412,"N",0.268,"N",TRUE
5413,"N",0,"N",TRUE
5417,"N",0.146,"N",TRUE
5423,"Y",0.846,"Y",TRUE
5424,"N",0.53,"Y",FALSE
5425,"N",0.018,"N",TRUE
5430,"N",0.034,"N",TRUE
5433,"N",0.126,"N",TRUE
5436,"Y",0.762,"Y",TRUE
5438,"Y",0.66,"Y",TRUE
5441,"N",0.076,"N",TRUE
5442,"N",0,"N",TRUE
5448,"N",0,"N",TRUE
5453,"N",0,"N",TRUE
5455,"N",0.008,"N",TRUE
5457,"N",0.004,"N",TRUE
5459,"N",0,"N",TRUE
5461,"Y",0.036,"N",FALSE
5466,"N",0.202,"N",TRUE
5480,"N",0.004,"N",TRUE
5483,"N",0.068,"N",TRUE
5484,"N",0,"N",TRUE
5486,"Y",0.026,"N",FALSE
5487,"N",0.428,"Y",FALSE
5492,"Y",0.274,"N",FALSE
5502,"Y",0.718,"Y",TRUE
5503,"Y",0.434,"Y",TRUE
5504,"Y",0.256,"N",FALSE
5506,"N",0,"N",TRUE
5507,"N",0.018,"N",TRUE
5510,"N",0,"N",TRUE
5522,"N",0.004,"N",TRUE
5525,"N",0.528,"Y",FALSE
5526,"N",0.204,"N",TRUE
5528,"N",0.048,"N",TRUE
5530,"N",0.07,"N",TRUE
5533,"Y",0.83,"Y",TRUE
5534,"N",0.246,"N",TRUE
5537,"N",0.136,"N",TRUE
5538,"Y",0.726,"Y",TRUE
5542,"N",0.022,"N",TRUE
5551,"N",0.098,"N",TRUE
5555,"N",0,"N",TRUE
5559,"N",0.004,"N",TRUE
5561,"N",0.058,"N",TRUE
5562,"N",0,"N",TRUE
5567,"N",0.49,"Y",FALSE
5573,"Y",0.136,"N",FALSE
5580,"N",0.004,"N",TRUE
5581,"N",0.004,"N",TRUE
5582,"N",0.022,"N",TRUE
5585,"N",0.032,"N",TRUE
5591,"N",0.002,"N",TRUE
5593,"N",0.004,"N",TRUE
5594,"N",0,"N",TRUE
5596,"N",0,"N",TRUE
5602,"N",0.036,"N",TRUE
5606,"N",0.124,"N",TRUE
5607,"N",0.006,"N",TRUE
5608,"N",0.006,"N",TRUE
5614,"N",0.006,"N",TRUE
5619,"Y",0.062,"N",FALSE
5624,"N",0.024,"N",TRUE
5628,"N",0.006,"N",TRUE
5631,"N",0.004,"N",TRUE
5632,"Y",0.908,"Y",TRUE
5634,"N",0.006,"N",TRUE
5636,"Y",0.776,"Y",TRUE
5638,"N",0.138,"N",TRUE
5643,"N",0.012,"N",TRUE
5647,"N",0.236,"N",TRUE
5650,"N",0,"N",TRUE
5654,"Y",0.946,"Y",TRUE
5658,"Y",0.478,"Y",TRUE
5660,"N",0,"N",TRUE
5662,"N",0,"N",TRUE
5663,"N",0.136,"N",TRUE
5665,"Y",0.482,"Y",TRUE
5666,"N",0,"N",TRUE
5680,"N",0.016,"N",TRUE
5682,"N",0.052,"N",TRUE
5683,"N",0.002,"N",TRUE
5685,"N",0.008,"N",TRUE
5688,"N",0.074,"N",TRUE
5689,"N",0,"N",TRUE
5690,"Y",0.872,"Y",TRUE
5693,"Y",0.772,"Y",TRUE
5694,"N",0.12,"N",TRUE
5695,"Y",0.878,"Y",TRUE
5696,"N",0,"N",TRUE
5700,"N",0,"N",TRUE
5703,"Y",0.442,"Y",TRUE
5713,"N",0.262,"N",TRUE
5714,"N",0,"N",TRUE
5721,"N",0.008,"N",TRUE
5724,"N",0.214,"N",TRUE
5730,"Y",0.4,"Y",TRUE
5734,"N",0,"N",TRUE
5735,"N",0.08,"N",TRUE
5739,"N",0.024,"N",TRUE
5742,"N",0,"N",TRUE
5744,"Y",0.96,"Y",TRUE
5749,"N",0,"N",TRUE
5750,"N",0.116,"N",TRUE
5753,"N",0.004,"N",TRUE
5755,"N",0.006,"N",TRUE
5757,"N",0.002,"N",TRUE
5759,"N",0.01,"N",TRUE
5761,"N",0.094,"N",TRUE
5764,"N",0.008,"N",TRUE
5767,"N",0,"N",TRUE
5771,"N",0.196,"N",TRUE
5772,"N",0.01,"N",TRUE
5776,"N",0,"N",TRUE
5777,"N",0.002,"N",TRUE
5781,"N",0.822,"Y",FALSE
5788,"N",0,"N",TRUE
5790,"N",0.246,"N",TRUE
5792,"N",0,"N",TRUE
5798,"N",0,"N",TRUE
5799,"N",0.01,"N",TRUE
5801,"Y",0.952,"Y",TRUE
5807,"N",0.008,"N",TRUE
5808,"N",0.036,"N",TRUE
5813,"N",0,"N",TRUE
5814,"N",0.042,"N",TRUE
5817,"N",0.05,"N",TRUE
5822,"N",0.286,"N",TRUE
5824,"N",0.002,"N",TRUE
5830,"N",0.002,"N",TRUE
5831,"N",0.002,"N",TRUE
5832,"N",0.234,"N",TRUE
5833,"N",0.008,"N",TRUE
5837,"N",0.054,"N",TRUE
5840,"N",0.542,"Y",FALSE
5841,"N",0,"N",TRUE
5843,"N",0.084,"N",TRUE
5845,"N",0.002,"N",TRUE
5847,"N",0.254,"N",TRUE
5850,"N",0.196,"N",TRUE
5855,"Y",0.536,"Y",TRUE
5858,"N",0.006,"N",TRUE
5859,"Y",0.722,"Y",TRUE
5865,"N",0,"N",TRUE
5868,"Y",0.736,"Y",TRUE
5871,"N",0.006,"N",TRUE
5876,"N",0.004,"N",TRUE
5877,"N",0.206,"N",TRUE
5878,"N",0.014,"N",TRUE
5879,"N",0,"N",TRUE
5880,"N",0,"N",TRUE
5888,"N",0.02,"N",TRUE
5890,"N",0.076,"N",TRUE
5891,"N",0.182,"N",TRUE
5894,"N",0.054,"N",TRUE
5895,"N",0.004,"N",TRUE
5896,"N",0.004,"N",TRUE
5898,"N",0.004,"N",TRUE
5899,"N",0.02,"N",TRUE
5902,"N",0.004,"N",TRUE
5904,"N",0,"N",TRUE
5907,"Y",0.91,"Y",TRUE
5912,"N",0.112,"N",TRUE
5914,"N",0.02,"N",TRUE
5919,"N",0.002,"N",TRUE
5923,"Y",0.29,"N",FALSE
5924,"N",0.212,"N",TRUE
5925,"Y",0.252,"N",FALSE
5930,"N",0,"N",TRUE
5931,"N",0.07,"N",TRUE
5933,"N",0.004,"N",TRUE
5936,"N",0,"N",TRUE
5945,"Y",0.868,"Y",TRUE
5951,"N",0.124,"N",TRUE
5952,"N",0.002,"N",TRUE
5954,"N",0.004,"N",TRUE
5956,"N",0.01,"N",TRUE
5958,"Y",0.912,"Y",TRUE
5965,"N",0.07,"N",TRUE
5968,"N",0.774,"Y",FALSE
5971,"N",0.002,"N",TRUE
5975,"N",0.026,"N",TRUE
5980,"N",0.006,"N",TRUE
5982,"N",0,"N",TRUE
5983,"N",0.008,"N",TRUE
5985,"N",0.006,"N",TRUE
5987,"N",0.006,"N",TRUE
6004,"N",0,"N",TRUE
6010,"N",0.018,"N",TRUE
6012,"N",0,"N",TRUE
6013,"Y",0.41,"Y",TRUE
6016,"N",0.48,"Y",FALSE
6017,"N",0.008,"N",TRUE
6018,"N",0.028,"N",TRUE
6030,"Y",0.688,"Y",TRUE
6032,"N",0,"N",TRUE
6037,"N",0.02,"N",TRUE
6043,"N",0.014,"N",TRUE
6045,"N",0,"N",TRUE
6046,"N",0.628,"Y",FALSE
6047,"N",0.002,"N",TRUE
6053,"N",0.376,"N",TRUE
6054,"N",0.022,"N",TRUE
6057,"Y",0.676,"Y",TRUE
6058,"N",0.008,"N",TRUE
6061,"N",0.03,"N",TRUE
6062,"N",0,"N",TRUE
6063,"Y",0.79,"Y",TRUE
6067,"N",0.812,"Y",FALSE
6068,"Y",0.796,"Y",TRUE
6070,"N",0,"N",TRUE
6076,"N",0,"N",TRUE
6077,"N",0,"N",TRUE
6078,"N",0.018,"N",TRUE
6079,"N",0.012,"N",TRUE
6081,"N",0.064,"N",TRUE
6082,"N",0.116,"N",TRUE
6086,"N",0.078,"N",TRUE
6087,"N",0.088,"N",TRUE
6089,"N",0.006,"N",TRUE
6096,"N",0.002,"N",TRUE
6103,"N",0.006,"N",TRUE
6107,"N",0.166,"N",TRUE
6108,"N",0.006,"N",TRUE
6111,"N",0.014,"N",TRUE
6117,"N",0.002,"N",TRUE
6119,"N",0,"N",TRUE
6120,"N",0.316,"N",TRUE
6121,"N",0.008,"N",TRUE
6125,"N",0.012,"N",TRUE
6130,"N",0.02,"N",TRUE
6131,"N",0,"N",TRUE
6132,"N",0.028,"N",TRUE
6134,"N",0.004,"N",TRUE
6136,"N",0,"N",TRUE
6138,"N",0.006,"N",TRUE
6140,"N",0.008,"N",TRUE
6145,"N",0,"N",TRUE
6149,"N",0.002,"N",TRUE
6150,"N",0.16,"N",TRUE
6153,"Y",0.788,"Y",TRUE
6163,"N",0.132,"N",TRUE
6170,"N",0.018,"N",TRUE
6179,"N",0.01,"N",TRUE
6180,"N",0,"N",TRUE
6198,"Y",0.62,"Y",TRUE
6202,"Y",0.908,"Y",TRUE
6207,"N",0,"N",TRUE
6222,"N",0,"N",TRUE
6226,"N",0.104,"N",TRUE
6233,"N",0.232,"N",TRUE
6237,"N",0.36,"N",TRUE
6244,"N",0.018,"N",TRUE
6245,"N",0,"N",TRUE
6252,"Y",0.518,"Y",TRUE
6253,"Y",0.676,"Y",TRUE
6262,"N",0.016,"N",TRUE
6270,"N",0.03,"N",TRUE
6274,"N",0.012,"N",TRUE
6276,"N",0.146,"N",TRUE
6280,"N",0.088,"N",TRUE
6287,"N",0.008,"N",TRUE
6293,"N",0.308,"N",TRUE
6297,"N",0,"N",TRUE
6302,"N",0.024,"N",TRUE
6307,"N",0,"N",TRUE
6309,"N",0.002,"N",TRUE
6310,"N",0.006,"N",TRUE
6312,"N",0.544,"Y",FALSE
6313,"Y",0.916,"Y",TRUE
6315,"Y",0.312,"N",FALSE
6316,"N",0.288,"N",TRUE
6317,"Y",0.814,"Y",TRUE
6318,"Y",0.488,"Y",TRUE
6320,"N",0,"N",TRUE
6321,"N",0.01,"N",TRUE
6322,"N",0.004,"N",TRUE
6323,"N",0.024,"N",TRUE
6324,"N",0.064,"N",TRUE
6327,"Y",0.282,"N",FALSE
6338,"N",0.236,"N",TRUE
6343,"N",0.016,"N",TRUE
6351,"N",0.334,"N",TRUE
6352,"N",0.014,"N",TRUE
6359,"N",0,"N",TRUE
6364,"N",0.522,"Y",FALSE
6370,"Y",0.494,"Y",TRUE
6371,"N",0.006,"N",TRUE
6374,"N",0.074,"N",TRUE
6382,"N",0,"N",TRUE
6383,"N",0.016,"N",TRUE
6385,"Y",0.936,"Y",TRUE
6388,"N",0.004,"N",TRUE
6393,"N",0,"N",TRUE
6397,"N",0.004,"N",TRUE
6398,"Y",0.656,"Y",TRUE
6400,"N",0.19,"N",TRUE
6401,"N",0.016,"N",TRUE
6402,"N",0,"N",TRUE
6406,"N",0,"N",TRUE
6407,"N",0.094,"N",TRUE
6408,"N",0.136,"N",TRUE
6409,"N",0.804,"Y",FALSE
6410,"N",0.212,"N",TRUE
6412,"N",0.752,"Y",FALSE
6418,"N",0.002,"N",TRUE
6421,"N",0.038,"N",TRUE
6423,"N",0.006,"N",TRUE
6425,"Y",0.928,"Y",TRUE
6429,"N",0.082,"N",TRUE
6430,"N",0.012,"N",TRUE
6434,"N",0.014,"N",TRUE
6435,"N",0.684,"Y",FALSE
6439,"N",0.024,"N",TRUE
6440,"N",0.118,"N",TRUE
6443,"N",0,"N",TRUE
6446,"Y",0.708,"Y",TRUE
6448,"Y",0.846,"Y",TRUE
6449,"Y",0.93,"Y",TRUE
6450,"Y",0.318,"N",FALSE
6459,"N",0.1,"N",TRUE
6462,"N",0,"N",TRUE
6463,"N",0.008,"N",TRUE
6465,"N",0,"N",TRUE
6471,"N",0,"N",TRUE
6473,"N",0.018,"N",TRUE
6475,"N",0.026,"N",TRUE
6476,"N",0.166,"N",TRUE
6477,"N",0.236,"N",TRUE
6479,"N",0.566,"Y",FALSE
6481,"N",0.006,"N",TRUE
6487,"N",0.21,"N",TRUE
6489,"N",0.27,"N",TRUE
6490,"N",0.062,"N",TRUE
6494,"N",0,"N",TRUE
6498,"Y",0.184,"N",FALSE
6499,"N",0.758,"Y",FALSE
6503,"N",0,"N",TRUE
6504,"N",0.04,"N",TRUE
6505,"N",0.022,"N",TRUE
6507,"N",0.274,"N",TRUE
6512,"N",0.008,"N",TRUE
6517,"Y",0.898,"Y",TRUE
6522,"Y",0.096,"N",FALSE
6528,"N",0.044,"N",TRUE
6530,"N",0,"N",TRUE
